,time,confidence,inference_time
0,20:05:11,0.5603683590888977,0.05848407745361328
1,20:05:11,0.6298840641975403,0.06533312797546387
2,20:05:11,0.9414019584655762,0.07437348365783691
3,20:05:11,0.9675664901733398,0.06375646591186523
4,20:05:11,0.98996502161026,0.053940773010253906
5,20:05:11,0.9924963712692261,0.055075883865356445
6,20:05:12,0.9949856996536255,0.05878162384033203
7,20:05:12,0.9987958669662476,0.08393049240112305
8,20:05:12,0.994215190410614,0.08779335021972656
9,20:05:12,0.9962952733039856,0.07792305946350098
10,20:05:12,0.9842884540557861,0.07783031463623047
11,20:05:12,0.37249359488487244,0.09180235862731934
12,20:05:12,0.253573477268219,0.07435989379882812
13,20:05:12,0.3706071376800537,0.15198659896850586
14,20:05:12,0.4521273076534271,0.0724647045135498
15,20:05:12,0.9531223177909851,0.06032061576843262
16,20:05:12,0.9299161434173584,0.07200288772583008
17,20:05:13,0.9865277409553528,0.0737602710723877
18,20:05:13,0.8902947306632996,0.07613015174865723
19,20:05:13,0.829755961894989,0.10363221168518066
20,20:05:13,0.7919905781745911,0.07842707633972168
21,20:05:13,0.7615940570831299,0.06685662269592285
22,20:05:13,0.7316802144050598,0.06490635871887207
23,20:05:13,0.7552281022071838,0.0651395320892334
24,20:05:13,0.7121032476425171,0.05855512619018555
25,20:05:13,0.7324697971343994,0.056528568267822266
26,20:05:13,0.7326496243476868,0.07645487785339355
27,20:05:13,0.7977033257484436,0.07047843933105469
28,20:05:13,0.7280197143554688,0.05839061737060547
29,20:05:14,0.7541260123252869,0.06163930892944336
30,20:05:14,0.7519040107727051,0.05612015724182129
31,20:05:14,0.7643336057662964,0.06232118606567383
32,20:05:14,0.7649775743484497,0.06886529922485352
33,20:05:14,0.7700920701026917,0.08913064002990723
34,20:05:14,0.7615346312522888,0.08617043495178223
35,20:05:14,0.7500130534172058,0.06728100776672363
36,20:05:14,0.7763259410858154,0.05809760093688965
37,20:05:14,0.7554287314414978,0.0683901309967041
38,20:05:14,0.8048116564750671,0.06265616416931152
39,20:05:14,0.8086197972297668,0.059558868408203125
40,20:05:14,0.8251833319664001,0.06132817268371582
41,20:05:14,0.8231595158576965,0.06509137153625488
42,20:05:15,0.7983059287071228,0.0683438777923584
43,20:05:15,0.849826991558075,0.08496761322021484
44,20:05:15,0.8211998343467712,0.07355165481567383
45,20:05:15,0.7934960722923279,0.056008338928222656
46,20:05:15,0.7390735149383545,0.05726957321166992
47,20:05:15,0.7554692625999451,0.056362152099609375
48,20:05:15,0.7115463018417358,0.09032011032104492
49,20:05:15,0.7264711856842041,0.0636906623840332
50,20:05:15,0.750079333782196,0.0589449405670166
51,20:05:15,0.6916583180427551,0.05487060546875
52,20:05:15,0.7306850552558899,0.0631411075592041
53,20:05:15,0.7367527484893799,0.062082767486572266
54,20:05:15,0.7157081961631775,0.07093596458435059
55,20:05:16,0.6996824145317078,0.0714571475982666
56,20:05:16,0.7337729930877686,0.0635073184967041
57,20:05:16,0.7288563251495361,0.05442190170288086
58,20:05:16,0.6832054257392883,0.07030129432678223
59,20:05:16,0.6600613594055176,0.055321693420410156
60,20:05:16,0.6393660306930542,0.05871105194091797
61,20:05:16,0.6289449334144592,0.07011771202087402
62,20:05:16,0.6676695346832275,0.07064962387084961
63,20:05:16,0.6678225994110107,0.08232688903808594
64,20:05:16,0.6758188605308533,0.06465363502502441
65,20:05:16,0.6381858587265015,0.0549321174621582
66,20:05:16,0.5981006026268005,0.06088519096374512
67,20:05:16,0.6348646283149719,0.057129859924316406
68,20:05:16,0.5954592227935791,0.06844806671142578
69,20:05:17,0.6056963205337524,0.0552213191986084
70,20:05:17,0.6165556907653809,0.06131434440612793
71,20:05:17,0.6099643707275391,0.06787562370300293
72,20:05:17,0.5848145484924316,0.0731515884399414
73,20:05:17,0.5868282914161682,0.06391215324401855
74,20:05:17,0.5867027044296265,0.057919979095458984
75,20:05:17,0.6023231148719788,0.053198814392089844
76,20:05:17,0.6556200981140137,0.05567312240600586
77,20:05:17,0.6414529085159302,0.06218409538269043
78,20:05:17,0.6675886511802673,0.072967529296875
79,20:05:17,0.6579384207725525,0.07682085037231445
80,20:05:17,0.6692870259284973,0.0570070743560791
81,20:05:17,0.670861542224884,0.07898855209350586
82,20:05:17,0.667158305644989,0.07465267181396484
83,20:05:18,0.7011918425559998,0.08614373207092285
84,20:05:18,0.70936518907547,0.0801703929901123
85,20:05:18,0.7135115265846252,0.07856607437133789
86,20:05:18,0.7120378613471985,0.07105779647827148
87,20:05:18,0.7017838954925537,0.060400962829589844
88,20:05:18,0.7196921706199646,0.06843280792236328
89,20:05:18,0.729928731918335,0.05048227310180664
90,20:05:18,0.7383825778961182,0.06384658813476562
91,20:05:18,0.7334581613540649,0.0614316463470459
92,20:05:18,0.7472996711730957,0.06977438926696777
93,20:05:18,0.7388968467712402,0.0837249755859375
94,20:05:18,0.7380231022834778,0.06778478622436523
95,20:05:19,0.7372404336929321,0.07181167602539062
96,20:05:19,0.7282203435897827,0.05407118797302246
97,20:05:19,0.7298170924186707,0.059226274490356445
98,20:05:19,0.7724654674530029,0.06912946701049805
99,20:05:19,0.7636865377426147,0.05356287956237793
100,20:05:19,0.7777435183525085,0.05629730224609375
101,20:05:19,0.7650637030601501,0.0528867244720459
102,20:05:19,0.7391864657402039,0.05765843391418457
103,20:05:19,0.7319905757904053,0.05273294448852539
104,20:05:19,0.6965075135231018,0.06082725524902344
105,20:05:19,0.6815723776817322,0.05765342712402344
106,20:05:19,0.6657372713088989,0.05788779258728027
107,20:05:19,0.6725513339042664,0.057916879653930664
108,20:05:19,0.7017617225646973,0.06674432754516602
109,20:05:19,0.7079771757125854,0.08316755294799805
110,20:05:20,0.7017893195152283,0.07568550109863281
111,20:05:20,0.727329432964325,0.08522391319274902
112,20:05:20,0.7216194272041321,0.0823209285736084
113,20:05:20,0.7821234464645386,0.0776205062866211
114,20:05:20,0.7083767652511597,0.058147430419921875
115,20:05:20,0.7625404596328735,0.06460857391357422
116,20:05:20,0.7881594300270081,0.0686025619506836
117,20:05:20,0.6650320887565613,0.08641958236694336
118,20:05:20,0.4779234528541565,0.06998586654663086
119,20:05:20,0.7080581188201904,0.0484926700592041
120,20:05:20,0.9152185916900635,0.05859994888305664
121,20:05:21,0.9658437371253967,0.0546269416809082
122,20:05:21,0.9861297011375427,0.08559370040893555
123,20:05:21,0.9860913157463074,0.07447409629821777
124,20:05:21,0.9734722375869751,0.0670616626739502
125,20:05:21,0.9904266595840454,0.06269073486328125
126,20:05:21,0.9817931056022644,0.056360483169555664
127,20:05:21,0.9890724420547485,0.057953834533691406
128,20:05:21,0.7221407890319824,0.051744699478149414
129,20:05:21,0.7221407890319824,0.051744699478149414
130,20:05:21,0.7221407890319824,0.051744699478149414
131,20:05:21,0.8438655138015747,0.060682058334350586
132,20:05:21,0.9801859855651855,0.0640707015991211
133,20:05:21,0.9443914294242859,0.054553985595703125
134,20:05:24,0.3459985554218292,0.06087017059326172
135,20:05:24,0.5578829646110535,0.0575871467590332
136,20:05:24,0.5578829646110535,0.0575871467590332
137,20:05:24,0.9654819369316101,0.06974101066589355
138,20:05:24,0.9782496094703674,0.08252286911010742
139,20:05:24,0.9860532283782959,0.06945347785949707
140,20:05:24,0.6684800982475281,0.05827069282531738
141,20:05:24,0.6684800982475281,0.05827069282531738
142,20:05:24,0.9998130202293396,0.06090402603149414
143,20:05:24,0.998857855796814,0.05353403091430664
144,20:05:24,0.9980509281158447,0.06135845184326172
145,20:05:24,0.995552122592926,0.05202603340148926
146,20:05:24,0.9976173043251038,0.06376814842224121
147,20:05:24,0.9976173043251038,0.06376814842224121
148,20:05:24,0.9903636574745178,0.061539649963378906
149,20:05:25,0.9693471193313599,0.054412126541137695
150,20:05:25,0.9729825258255005,0.05623483657836914
151,20:05:25,0.9627728462219238,0.06170821189880371
152,20:05:25,0.9238240718841553,0.050441741943359375
153,20:05:25,0.8024495840072632,0.059804439544677734
154,20:05:25,0.45654964447021484,0.05681657791137695
155,20:05:25,0.5411466360092163,0.07710933685302734
156,20:05:25,0.8641806840896606,0.07545995712280273
157,20:05:25,0.9118433594703674,0.07418942451477051
158,20:05:25,0.9059247970581055,0.06574010848999023
159,20:05:25,0.7672474980354309,0.06789231300354004
160,20:05:25,0.6708394885063171,0.0838780403137207
161,20:05:25,0.7198574542999268,0.0655069351196289
162,20:05:26,0.4840470552444458,0.0663309097290039
163,20:05:26,0.3032526671886444,0.06489992141723633
164,20:05:26,0.4178505539894104,0.04932355880737305
165,20:05:26,0.5994653105735779,0.0715785026550293
166,20:05:26,0.6159944534301758,0.06777191162109375
167,20:05:26,0.609047532081604,0.05096125602722168
168,20:05:26,0.7472341060638428,0.0710139274597168
169,20:05:26,0.7582604885101318,0.08162307739257812
170,20:05:26,0.7698197364807129,0.06216096878051758
171,20:05:26,0.7300008535385132,0.05170011520385742
172,20:05:26,0.7288024425506592,0.06054568290710449
173,20:05:26,0.6931788921356201,0.07479691505432129
174,20:05:27,0.6888216137886047,0.06842470169067383
175,20:05:27,0.7050632834434509,0.0558171272277832
176,20:05:27,0.688613772392273,0.05919599533081055
177,20:05:27,0.6483423113822937,0.061763763427734375
178,20:05:27,0.6102805137634277,0.05312824249267578
179,20:05:27,0.4928063452243805,0.06395339965820312
180,20:05:27,0.4167320132255554,0.05627608299255371
181,20:05:27,0.33393949270248413,0.05297207832336426
182,20:05:27,0.29939278960227966,0.05207252502441406
183,20:05:27,0.27457869052886963,0.06718969345092773
184,20:05:27,0.26705121994018555,0.04681992530822754
185,20:05:27,0.26541668176651,0.05315518379211426
186,20:05:27,0.2503793239593506,0.05934858322143555
187,20:05:27,0.26564374566078186,0.05275273323059082
188,20:05:28,0.2515259087085724,0.0639796257019043
189,20:05:28,0.25276288390159607,0.054720163345336914
190,20:05:28,0.2501797676086426,0.0686030387878418
191,20:05:29,0.2645879089832306,0.06330752372741699
192,20:05:29,0.28699737787246704,0.08226799964904785
193,20:05:29,0.3114733397960663,0.08622169494628906
194,20:05:29,0.32221826910972595,0.07220029830932617
195,20:05:29,0.25060808658599854,0.08510065078735352
196,20:05:29,0.2851158678531647,0.08501386642456055
197,20:05:29,0.28354164958000183,0.08850502967834473
198,20:05:29,0.2843632102012634,0.06077933311462402
199,20:05:29,0.26219692826271057,0.06841135025024414
200,20:05:29,0.2788862884044647,0.08344221115112305
201,20:05:30,0.286310076713562,0.07578873634338379
202,20:05:30,0.2601487934589386,0.06250882148742676
203,20:05:30,0.2965896427631378,0.07113957405090332
204,20:05:30,0.29457157850265503,0.07334494590759277
205,20:05:30,0.293154776096344,0.04948759078979492
206,20:05:30,0.2726598381996155,0.05453801155090332
207,20:05:30,0.2545040249824524,0.04464602470397949
208,20:05:31,0.27482911944389343,0.05410480499267578
209,20:05:31,0.31694507598876953,0.06589245796203613
210,20:05:31,0.3532053232192993,0.06831908226013184
211,20:05:31,0.3557550609111786,0.0590362548828125
212,20:05:31,0.3643851578235626,0.0793910026550293
213,20:05:31,0.38304662704467773,0.0693655014038086
214,20:05:31,0.3698728084564209,0.06165575981140137
215,20:05:31,0.3137318193912506,0.059145212173461914
216,20:05:31,0.304546058177948,0.05949091911315918
217,20:05:32,0.29423215985298157,0.05312848091125488
218,20:05:32,0.2873965799808502,0.07170844078063965
219,20:05:32,0.280182808637619,0.07830357551574707
220,20:05:32,0.2836131751537323,0.07907271385192871
221,20:05:32,0.26976263523101807,0.06387925148010254
222,20:05:32,0.2716372013092041,0.052330970764160156
223,20:05:32,0.2615339457988739,0.0565190315246582
224,20:05:32,0.26318228244781494,0.04733848571777344
225,20:05:32,0.2729533612728119,0.05694842338562012
226,20:05:32,0.2839498519897461,0.055544376373291016
227,20:05:32,0.32083192467689514,0.0581057071685791
228,20:05:32,0.3409361243247986,0.07360291481018066
229,20:05:32,0.34186792373657227,0.06703376770019531
230,20:05:33,0.32376810908317566,0.05236697196960449
231,20:05:33,0.3121374845504761,0.05507183074951172
232,20:05:33,0.283009797334671,0.057355403900146484
233,20:05:33,0.280479371547699,0.09390473365783691
234,20:05:33,0.2693246603012085,0.05736112594604492
235,20:05:33,0.25200536847114563,0.057628631591796875
236,20:05:33,0.2653716504573822,0.05719470977783203
237,20:05:33,0.29308268427848816,0.06651830673217773
238,20:05:33,0.3023986518383026,0.05623602867126465
239,20:05:33,0.29480472207069397,0.06266951560974121
240,20:05:33,0.2629868984222412,0.056707143783569336
241,20:05:33,0.2600233554840088,0.0538640022277832
242,20:05:33,0.2714622914791107,0.05554819107055664
243,20:05:33,0.2947666347026825,0.05809211730957031
244,20:05:34,0.26191624999046326,0.06984424591064453
245,20:05:34,0.31350788474082947,0.07317042350769043
246,20:05:34,0.3716546595096588,0.06824517250061035
247,20:05:34,0.40592700242996216,0.05814647674560547
248,20:05:34,0.4043753445148468,0.08287215232849121
249,20:05:34,0.5119781494140625,0.05760383605957031
250,20:05:34,0.5396426320075989,0.05981159210205078
251,20:05:34,0.575318455696106,0.055335044860839844
252,20:05:34,0.5799403190612793,0.07529211044311523
253,20:05:34,0.6058263182640076,0.07470393180847168
254,20:05:34,0.6967067122459412,0.07180476188659668
255,20:05:34,0.6918981671333313,0.07359504699707031
256,20:05:35,0.685265839099884,0.08632469177246094
257,20:05:35,0.66050785779953,0.07938170433044434
258,20:05:35,0.6522422432899475,0.08903145790100098
259,20:05:35,0.5893411040306091,0.06303024291992188
260,20:05:35,0.569072425365448,0.06244349479675293
261,20:05:35,0.5299999713897705,0.08768177032470703
262,20:05:35,0.479778915643692,0.0668478012084961
263,20:05:35,0.4685831665992737,0.07583308219909668
264,20:05:35,0.47365450859069824,0.05463743209838867
265,20:05:35,0.4905330240726471,0.0512697696685791
266,20:05:35,0.5080043077468872,0.05817532539367676
267,20:05:35,0.5438603162765503,0.0710604190826416
268,20:05:36,0.5391706824302673,0.06700658798217773
269,20:05:36,0.5328317284584045,0.06015729904174805
270,20:05:36,0.5191801190376282,0.05990314483642578
271,20:05:36,0.5007649064064026,0.06377744674682617
272,20:05:36,0.48657527565956116,0.05889010429382324
273,20:05:36,0.4721774756908417,0.0648961067199707
274,20:05:36,0.39331069588661194,0.05358386039733887
275,20:05:36,0.41121870279312134,0.08256959915161133
276,20:05:36,0.4058651030063629,0.08161664009094238
277,20:05:36,0.4086054563522339,0.07303452491760254
278,20:05:36,0.41081562638282776,0.06254339218139648
279,20:05:36,0.3959094285964966,0.06798124313354492
280,20:05:36,0.39619025588035583,0.06547284126281738
281,20:05:37,0.3777692914009094,0.0653696060180664
282,20:05:37,0.3692041039466858,0.07189607620239258
283,20:05:37,0.34203365445137024,0.08600902557373047
284,20:05:37,0.2891855239868164,0.08178353309631348
285,20:05:37,0.29205429553985596,0.0826115608215332
286,20:05:37,0.2903839349746704,0.06914925575256348
287,20:05:37,0.30700376629829407,0.07217907905578613
288,20:05:37,0.3029510974884033,0.09068894386291504
289,20:05:37,0.2972950041294098,0.07999897003173828
290,20:05:37,0.30500805377960205,0.07683300971984863
291,20:05:37,0.3174770772457123,0.06727886199951172
292,20:05:38,0.3326546847820282,0.08083629608154297
293,20:05:38,0.33961400389671326,0.08009958267211914
294,20:05:38,0.30036690831184387,0.0680689811706543
295,20:05:38,0.29482388496398926,0.07116007804870605
296,20:05:38,0.2870385944843292,0.06505012512207031
297,20:05:38,0.28984060883522034,0.05655980110168457
298,20:05:38,0.2686036229133606,0.06189107894897461
299,20:05:38,0.28237107396125793,0.061356306076049805
300,20:05:38,0.2831788957118988,0.07532167434692383
301,20:05:38,0.28415194153785706,0.06539058685302734
302,20:05:38,0.297209233045578,0.08333277702331543
303,20:05:38,0.291989266872406,0.06236863136291504
304,20:05:38,0.33894747495651245,0.05243515968322754
305,20:05:39,0.3426229953765869,0.05408287048339844
306,20:05:39,0.3530987501144409,0.07683920860290527
307,20:05:39,0.35157039761543274,0.07504153251647949
308,20:05:39,0.3649379312992096,0.07200837135314941
309,20:05:39,0.3713153898715973,0.0666048526763916
310,20:05:39,0.3810819685459137,0.05753779411315918
311,20:05:39,0.3024117350578308,0.05524706840515137
312,20:05:39,0.43772709369659424,0.05360126495361328
313,20:05:39,0.47468364238739014,0.05852866172790527
314,20:05:39,0.5565768480300903,0.07157158851623535
315,20:05:39,0.7354485392570496,0.08595514297485352
316,20:05:39,0.8559454679489136,0.06862878799438477
317,20:05:40,0.9635507464408875,0.05718040466308594
318,20:05:40,0.9911149740219116,0.059691429138183594
319,20:05:40,0.9962146878242493,0.06261944770812988
320,20:05:40,0.9986284971237183,0.0620875358581543
321,20:05:40,0.9964553117752075,0.0779573917388916
322,20:05:40,0.9911637306213379,0.06572723388671875
323,20:05:40,0.9320656657218933,0.07447576522827148
324,20:05:40,0.9320656657218933,0.07447576522827148
325,20:05:40,0.9875590205192566,0.0766139030456543
326,20:05:40,0.9875590205192566,0.0766139030456543
327,20:05:40,0.9569671750068665,0.07530093193054199
328,20:05:40,0.9569671750068665,0.07530093193054199
329,20:05:40,0.882668137550354,0.07197833061218262
330,20:05:40,0.48721545934677124,0.07707667350769043
331,20:05:40,0.48721545934677124,0.07707667350769043
332,20:05:40,0.34116131067276,0.07471799850463867
333,20:05:45,0.33847370743751526,0.04857897758483887
334,20:05:45,0.8532643914222717,0.06370687484741211
335,20:05:45,0.9996476173400879,0.05372142791748047
336,20:05:45,0.9995074272155762,0.08216667175292969
337,20:05:45,0.9996384382247925,0.06854677200317383
338,20:05:45,0.9999359846115112,0.07335209846496582
339,20:05:45,0.9999542236328125,0.07064294815063477
340,20:05:45,0.9990167617797852,0.0577394962310791
341,20:05:45,0.991901695728302,0.054260969161987305
342,20:05:45,0.9837613701820374,0.07101202011108398
343,20:05:46,0.9001798033714294,0.0771787166595459
344,20:05:46,0.5210461020469666,0.07487940788269043
345,20:05:46,0.45445093512535095,0.06855368614196777
346,20:05:46,0.4514288902282715,0.07019710540771484
347,20:05:46,0.7072319984436035,0.07675766944885254
348,20:05:46,0.8534322381019592,0.09479093551635742
349,20:05:46,0.7475672960281372,0.06509518623352051
350,20:05:46,0.5218253135681152,0.05420374870300293
351,20:05:46,0.5218253135681152,0.05420374870300293
352,20:05:46,0.6265932321548462,0.05299782752990723
353,20:05:46,0.6265932321548462,0.05299782752990723
354,20:05:46,0.5286864042282104,0.05301547050476074
355,20:05:46,0.5286864042282104,0.05301547050476074
356,20:05:46,0.5826043486595154,0.05711054801940918
357,20:05:46,0.5777802467346191,0.05498194694519043
358,20:05:47,0.38979464769363403,0.05486178398132324
359,20:05:47,0.3965926766395569,0.061112165451049805
360,20:05:47,0.5629255175590515,0.07740902900695801
361,20:05:47,0.5982567667961121,0.061113595962524414
362,20:05:47,0.6077397465705872,0.05737185478210449
363,20:05:47,0.644559919834137,0.05369758605957031
364,20:05:47,0.6747817397117615,0.0527493953704834
365,20:05:47,0.6159909963607788,0.0598294734954834
366,20:05:47,0.5913825035095215,0.08060312271118164
367,20:05:47,0.6497394442558289,0.054752349853515625
368,20:05:47,0.6362847685813904,0.05629539489746094
369,20:05:47,0.5767969489097595,0.05710577964782715
370,20:05:47,0.5372809767723083,0.06562662124633789
371,20:05:48,0.5849743485450745,0.07481932640075684
372,20:05:48,0.7037524580955505,0.0716085433959961
373,20:05:48,0.6836608052253723,0.0665280818939209
374,20:05:48,0.6161918044090271,0.06074166297912598
375,20:05:48,0.615260660648346,0.062207698822021484
376,20:05:48,0.6578825116157532,0.05642509460449219
377,20:05:48,0.7457072138786316,0.058325767517089844
378,20:05:48,0.7472593188285828,0.06659507751464844
379,20:05:48,0.7882702946662903,0.06079602241516113
380,20:05:48,0.7313154339790344,0.0642845630645752
381,20:05:48,0.7280230522155762,0.07854366302490234
382,20:05:48,0.7671323418617249,0.05754804611206055
383,20:05:48,0.7892444729804993,0.06801390647888184
384,20:05:49,0.7866302728652954,0.06728410720825195
385,20:05:49,0.7821012139320374,0.05700564384460449
386,20:05:49,0.7902822494506836,0.06083536148071289
387,20:05:49,0.8156583905220032,0.06319499015808105
388,20:05:49,0.8143190145492554,0.05564451217651367
389,20:05:49,0.8194341659545898,0.06920790672302246
390,20:05:49,0.839863657951355,0.0668485164642334
391,20:05:49,0.846184253692627,0.0707542896270752
392,20:05:49,0.8170688152313232,0.06630825996398926
393,20:05:49,0.8067452907562256,0.0641031265258789
394,20:05:49,0.8099346160888672,0.0556492805480957
395,20:05:49,0.7587897181510925,0.059189558029174805
396,20:05:49,0.7457183599472046,0.07315421104431152
397,20:05:50,0.7106713056564331,0.07132482528686523
398,20:05:50,0.7393261790275574,0.06784343719482422
399,20:05:50,0.6982461810112,0.05547785758972168
400,20:05:50,0.7107911705970764,0.07027220726013184
401,20:05:50,0.7383715510368347,0.06761384010314941
402,20:05:50,0.7383716106414795,0.06157088279724121
403,20:05:50,0.7484573125839233,0.05249977111816406
404,20:05:50,0.7668711543083191,0.054079294204711914
405,20:05:50,0.7629026770591736,0.05890250205993652
406,20:05:50,0.7767612338066101,0.07157230377197266
407,20:05:50,0.7651713490486145,0.06689023971557617
408,20:05:50,0.7637205719947815,0.05534863471984863
409,20:05:50,0.7943402528762817,0.05396604537963867
410,20:05:50,0.8340771198272705,0.0661172866821289
411,20:05:51,0.8174963593482971,0.07266807556152344
412,20:05:51,0.8071513175964355,0.07904386520385742
413,20:05:51,0.8110572099685669,0.0806417465209961
414,20:05:51,0.8110572099685669,0.0806417465209961
415,20:05:51,0.8124415278434753,0.057657480239868164
416,20:05:51,0.7950838208198547,0.052497148513793945
417,20:05:51,0.7639506459236145,0.056473731994628906
418,20:05:51,0.7685478925704956,0.05885171890258789
419,20:05:51,0.7731643319129944,0.06804609298706055
420,20:05:51,0.7649235725402832,0.07744812965393066
421,20:05:51,0.7604379057884216,0.08403277397155762
422,20:05:51,0.7635442018508911,0.08109331130981445
423,20:05:51,0.652563214302063,0.1109917163848877
424,20:05:52,0.7372148036956787,0.10852384567260742
425,20:05:52,0.7962948083877563,0.060578346252441406
426,20:05:52,0.7962948083877563,0.060578346252441406
427,20:05:52,0.8121470212936401,0.06626391410827637
428,20:05:52,0.8121470212936401,0.06626391410827637
429,20:05:52,0.8679352402687073,0.05311942100524902
430,20:05:52,0.8679352402687073,0.05311942100524902
431,20:05:52,0.8830057978630066,0.05853772163391113
432,20:05:52,0.8830057978630066,0.05853772163391113
433,20:05:52,0.9083278775215149,0.05444908142089844
434,20:05:52,0.9083278775215149,0.05444908142089844
435,20:05:52,0.9238092303276062,0.06920576095581055
436,20:05:52,0.9238092303276062,0.06920576095581055
437,20:05:52,0.8978255987167358,0.06983137130737305
438,20:05:52,0.8978255987167358,0.06983137130737305
439,20:05:52,0.9544824361801147,0.05767345428466797
440,20:05:52,0.9544824361801147,0.05767345428466797
441,20:05:52,0.9756085276603699,0.06021761894226074
442,20:05:52,0.9703108668327332,0.055382490158081055
443,20:05:52,0.9703108668327332,0.055382490158081055
444,20:05:52,0.9854855537414551,0.06002473831176758
445,20:05:52,0.9814320802688599,0.05840563774108887
446,20:05:53,0.9774173498153687,0.061710357666015625
447,20:05:53,0.9782220125198364,0.07205724716186523
448,20:05:53,0.9791345596313477,0.08495569229125977
449,20:05:53,0.9788103103637695,0.06201887130737305
450,20:05:53,0.9877598881721497,0.07114434242248535
451,20:05:53,0.9881772398948669,0.06555867195129395
452,20:05:53,0.9882286787033081,0.05334115028381348
453,20:05:53,0.9887337684631348,0.05585193634033203
454,20:05:53,0.9856097102165222,0.06927871704101562
455,20:05:53,0.9854956269264221,0.06344938278198242
456,20:05:53,0.9867615699768066,0.0614016056060791
457,20:05:53,0.9894787669181824,0.06010770797729492
458,20:05:53,0.9893286824226379,0.06291651725769043
459,20:05:54,0.982312023639679,0.06284117698669434
460,20:05:54,0.9483884572982788,0.06441736221313477
461,20:05:54,0.9606097340583801,0.0584712028503418
462,20:05:54,0.8279616236686707,0.07631516456604004
463,20:05:54,0.6038510203361511,0.07638096809387207
464,20:05:54,0.6991919875144958,0.06338262557983398
465,20:05:54,0.678850531578064,0.05420684814453125
466,20:05:54,0.7202128767967224,0.05532693862915039
467,20:05:54,0.6611757278442383,0.05946850776672363
468,20:05:54,0.6899957060813904,0.05183553695678711
469,20:05:54,0.6620375514030457,0.05155754089355469
470,20:05:54,0.6203600168228149,0.053198814392089844
471,20:05:54,0.6389248967170715,0.053894996643066406
472,20:05:54,0.6608744859695435,0.05124855041503906
473,20:05:55,0.6711885333061218,0.05409431457519531
474,20:05:55,0.6842727065086365,0.05395960807800293
475,20:05:55,0.7102931141853333,0.06150412559509277
476,20:05:55,0.9487237930297852,0.05316472053527832
477,20:05:55,0.9850137829780579,0.0512540340423584
478,20:05:55,0.9864417314529419,0.07944464683532715
479,20:05:55,0.987654983997345,0.08136510848999023
480,20:05:55,0.981208324432373,0.05578041076660156
481,20:05:55,0.9824880957603455,0.05532431602478027
482,20:05:55,0.9725629091262817,0.06333565711975098
483,20:05:55,0.9760450124740601,0.07354092597961426
484,20:05:55,0.982262134552002,0.0704963207244873
485,20:05:55,0.9816209673881531,0.05884194374084473
486,20:05:56,0.9790072441101074,0.05289411544799805
487,20:05:56,0.9816495776176453,0.05357670783996582
488,20:05:56,0.9818186163902283,0.07071399688720703
489,20:05:56,0.9803690314292908,0.07145285606384277
490,20:05:56,0.9557607769966125,0.05108499526977539
491,20:05:56,0.8271074295043945,0.055059194564819336
492,20:05:56,0.7657891511917114,0.05518317222595215
493,20:05:56,0.7086635231971741,0.07874417304992676
494,20:05:56,0.6292637586593628,0.05751323699951172
495,20:05:56,0.6088172793388367,0.06967639923095703
496,20:05:56,0.6683496236801147,0.06566333770751953
497,20:05:56,0.6786406636238098,0.06154370307922363
498,20:05:56,0.6745226979255676,0.05388450622558594
499,20:05:56,0.6842577457427979,0.05415678024291992
500,20:05:57,0.6792802810668945,0.05463075637817383
501,20:05:57,0.6682437658309937,0.07404470443725586
502,20:05:57,0.6939751505851746,0.07964968681335449
503,20:05:57,0.693766176700592,0.0727536678314209
504,20:05:57,0.7001329064369202,0.08174991607666016
505,20:05:57,0.8387163877487183,0.08028459548950195
506,20:05:57,0.9612638354301453,0.07927989959716797
507,20:05:57,0.9733628034591675,0.07920503616333008
508,20:05:57,0.9806610345840454,0.052730560302734375
509,20:05:57,0.9721934199333191,0.051486968994140625
510,20:05:57,0.9835422039031982,0.05221223831176758
511,20:05:57,0.9768920540809631,0.05435323715209961
512,20:05:58,0.9731584191322327,0.055536508560180664
513,20:05:58,0.9621666669845581,0.05232834815979004
514,20:05:58,0.9690579175949097,0.053569793701171875
515,20:05:58,0.9446163773536682,0.07571029663085938
516,20:05:58,0.8735072612762451,0.06607389450073242
517,20:05:58,0.7164767980575562,0.05410647392272949
518,20:05:58,0.7151625752449036,0.05275368690490723
519,20:05:58,0.6322411894798279,0.05200004577636719
520,20:05:58,0.5097272396087646,0.05940675735473633
521,20:05:58,0.5216248631477356,0.054032087326049805
522,20:05:58,0.4300552308559418,0.07049322128295898
523,20:05:58,0.4300552308559418,0.07049322128295898
524,20:05:58,0.39972564578056335,0.06747984886169434
525,20:05:58,0.5338445901870728,0.052392005920410156
526,20:05:58,0.6133696436882019,0.054373741149902344
527,20:05:59,0.9425500631332397,0.05405163764953613
528,20:05:59,0.7893325686454773,0.05927443504333496
529,20:05:59,0.6801577210426331,0.07453179359436035
530,20:05:59,0.6801577210426331,0.07453179359436035
531,20:05:59,0.5472286939620972,0.07589578628540039
532,20:05:59,0.5472286939620972,0.07589578628540039
533,20:05:59,0.5472286939620972,0.07589578628540039
534,20:05:59,0.9168175458908081,0.06413793563842773
535,20:05:59,0.7866345643997192,0.05517768859863281
536,20:05:59,0.7866345643997192,0.05517768859863281
537,20:05:59,0.9148429036140442,0.06154608726501465
538,20:05:59,0.9769728183746338,0.06341004371643066
539,20:05:59,0.9928513765335083,0.0644996166229248
540,20:05:59,0.4501985013484955,0.06174516677856445
541,20:06:03,0.9020380973815918,0.04811501502990723
542,20:06:03,0.9783905148506165,0.0715019702911377
543,20:06:03,0.987278938293457,0.06635189056396484
544,20:06:03,0.9915899634361267,0.05222511291503906
545,20:06:03,0.9469544291496277,0.06035470962524414
546,20:06:03,0.9937712550163269,0.06242680549621582
547,20:06:04,0.9928982257843018,0.056932687759399414
548,20:06:04,0.9725868105888367,0.05862784385681152
549,20:06:04,0.9725868105888367,0.05862784385681152
550,20:06:04,0.9690554141998291,0.059392452239990234
551,20:06:04,0.9895246624946594,0.07559680938720703
552,20:06:04,0.9976656436920166,0.05668139457702637
553,20:06:04,0.9978638291358948,0.053305864334106445
554,20:06:04,0.9968438148498535,0.05671262741088867
555,20:06:04,0.9920021295547485,0.05191397666931152
556,20:06:04,0.9920021295547485,0.05191397666931152
557,20:06:04,0.9993209838867188,0.0642554759979248
558,20:06:04,0.9993209838867188,0.0642554759979248
559,20:06:04,0.9995039701461792,0.06704878807067871
560,20:06:04,0.9960838556289673,0.06102132797241211
561,20:06:04,0.9951763153076172,0.07505965232849121
562,20:06:04,0.998832643032074,0.06478548049926758
563,20:06:05,0.9994478821754456,0.0642385482788086
564,20:06:05,0.9984838366508484,0.0689387321472168
565,20:06:05,0.9976317882537842,0.06673741340637207
566,20:06:05,0.9981599450111389,0.0576014518737793
567,20:06:05,0.9979124665260315,0.09582257270812988
568,20:06:05,0.9979535341262817,0.058997154235839844
569,20:06:05,0.9979897737503052,0.06310200691223145
570,20:06:05,0.9973153471946716,0.05883049964904785
571,20:06:05,0.996762752532959,0.06284141540527344
572,20:06:05,0.9971724152565002,0.06516671180725098
573,20:06:05,0.9967457056045532,0.0567471981048584
574,20:06:05,0.9971767663955688,0.05929732322692871
575,20:06:06,0.9984952211380005,0.06744790077209473
576,20:06:06,0.9985557198524475,0.07108497619628906
577,20:06:06,0.9980188608169556,0.06302118301391602
578,20:06:06,0.9975173473358154,0.06839394569396973
579,20:06:06,0.997961163520813,0.05440950393676758
580,20:06:06,0.9979212880134583,0.059227943420410156
581,20:06:06,0.9983415603637695,0.07353806495666504
582,20:06:06,0.9991588592529297,0.07907652854919434
583,20:06:06,0.9992879033088684,0.07181787490844727
584,20:06:06,0.9994383454322815,0.054593801498413086
585,20:06:06,0.9994756579399109,0.0568082332611084
586,20:06:06,0.9994925260543823,0.05737161636352539
587,20:06:06,0.999534010887146,0.05676007270812988
588,20:06:07,0.9994775652885437,0.06577634811401367
589,20:06:07,0.9995294809341431,0.05779886245727539
590,20:06:07,0.9995404481887817,0.07238245010375977
591,20:06:07,0.9995711445808411,0.0716710090637207
592,20:06:07,0.999397873878479,0.061499595642089844
593,20:06:07,0.999488353729248,0.05591750144958496
594,20:06:07,0.999358594417572,0.05854153633117676
595,20:06:07,0.9993718266487122,0.07555675506591797
596,20:06:07,0.9994763731956482,0.07442426681518555
597,20:06:07,0.9996349811553955,0.058461666107177734
598,20:06:07,0.9995570778846741,0.05857348442077637
599,20:06:07,0.9995377063751221,0.05880260467529297
600,20:06:07,0.9995312690734863,0.07158279418945312
601,20:06:08,0.9995405673980713,0.059462785720825195
602,20:06:08,0.9995760321617126,0.056539058685302734
603,20:06:08,0.9995943903923035,0.08837747573852539
604,20:06:08,0.9996343851089478,0.07367658615112305
605,20:06:08,0.9996219873428345,0.08197522163391113
606,20:06:08,0.9995006322860718,0.07665848731994629
607,20:06:08,0.9995032548904419,0.07748937606811523
608,20:06:08,0.9995606541633606,0.09000992774963379
609,20:06:08,0.9995976090431213,0.0678558349609375
610,20:06:08,0.9996222257614136,0.05807042121887207
611,20:06:08,0.9995792508125305,0.05876636505126953
612,20:06:09,0.9995865225791931,0.054877519607543945
613,20:06:09,0.9995774626731873,0.05912470817565918
614,20:06:09,0.9995922446250916,0.059294700622558594
615,20:06:09,0.9994864463806152,0.06357169151306152
616,20:06:09,0.9993288516998291,0.054609060287475586
617,20:06:09,0.9992882609367371,0.05295372009277344
618,20:06:09,0.9994601607322693,0.06290364265441895
619,20:06:09,0.9993890523910522,0.0706031322479248
620,20:06:09,0.9995549321174622,0.07410264015197754
621,20:06:09,0.9996863603591919,0.062009572982788086
622,20:06:09,0.9997017979621887,0.057163238525390625
623,20:06:09,0.9997261166572571,0.08443093299865723
624,20:06:09,0.9996480941772461,0.0576329231262207
625,20:06:09,0.9996291399002075,0.05342817306518555
626,20:06:10,0.9995260238647461,0.05505537986755371
627,20:06:10,0.9994458556175232,0.0589752197265625
628,20:06:10,0.999381422996521,0.06436729431152344
629,20:06:10,0.9994059801101685,0.06595468521118164
630,20:06:10,0.99933260679245,0.06688761711120605
631,20:06:10,0.9992589354515076,0.06297850608825684
632,20:06:10,0.9993274211883545,0.0697774887084961
633,20:06:10,0.9994624257087708,0.06520581245422363
634,20:06:10,0.9996618032455444,0.07220625877380371
635,20:06:10,0.999680757522583,0.07161569595336914
636,20:06:10,0.999640703201294,0.06196403503417969
637,20:06:10,0.9996070265769958,0.08169722557067871
638,20:06:11,0.9995712637901306,0.06905698776245117
639,20:06:11,0.9995213747024536,0.06690406799316406
640,20:06:11,0.9995613694190979,0.05844378471374512
641,20:06:11,0.9995589852333069,0.05374860763549805
642,20:06:11,0.9997279047966003,0.06062722206115723
643,20:06:11,0.9992363452911377,0.060158491134643555
644,20:06:11,0.9990085959434509,0.06477808952331543
645,20:06:11,0.993500292301178,0.06203484535217285
646,20:06:11,0.9345804452896118,0.055803537368774414
647,20:06:11,0.4150615632534027,0.05680441856384277
648,20:06:11,0.8845300674438477,0.05213284492492676
649,20:06:11,0.9876470565795898,0.05212736129760742
650,20:06:11,0.9967600703239441,0.05880570411682129
651,20:06:11,0.9977086782455444,0.0653073787689209
652,20:06:12,0.9922844767570496,0.0967864990234375
653,20:06:12,0.980701208114624,0.06343388557434082
654,20:06:12,0.9947118759155273,0.05842113494873047
655,20:06:12,0.9651300311088562,0.05640244483947754
656,20:06:12,0.9845014214515686,0.054572343826293945
657,20:06:12,0.9870100021362305,0.05554795265197754
658,20:06:12,0.9971079230308533,0.05600905418395996
659,20:06:12,0.9797173142433167,0.05383729934692383
660,20:06:12,0.9675636887550354,0.0706796646118164
661,20:06:12,0.9675636887550354,0.0706796646118164
662,20:06:12,0.45488712191581726,0.06871294975280762
663,20:06:12,0.3755173087120056,0.05554676055908203
664,20:06:17,0.3812343180179596,0.0532526969909668
665,20:06:17,0.6362506747245789,0.08865737915039062
666,20:06:17,0.9638694524765015,0.0648958683013916
667,20:06:17,0.989170253276825,0.06388401985168457
668,20:06:17,0.2510862350463867,0.06376171112060547
669,20:06:17,0.2510862350463867,0.06376171112060547
670,20:06:17,0.2510862350463867,0.06376171112060547
671,20:06:17,0.8382521271705627,0.05900979042053223
672,20:06:17,0.3911561965942383,0.057811737060546875
673,20:06:17,0.3911561965942383,0.057811737060546875
674,20:06:18,0.5898184776306152,0.05987071990966797
675,20:06:18,0.8374818563461304,0.05836606025695801
676,20:06:18,0.773252010345459,0.055831193923950195
677,20:06:18,0.6400406956672668,0.05747270584106445
678,20:06:18,0.7887577414512634,0.0665140151977539
679,20:06:18,0.8558391332626343,0.07166171073913574
680,20:06:18,0.9142099022865295,0.06125640869140625
681,20:06:18,0.751747190952301,0.05411076545715332
682,20:06:18,0.6611540913581848,0.08168292045593262
683,20:06:18,0.9117425084114075,0.06692886352539062
684,20:06:18,0.8349862694740295,0.06664919853210449
685,20:06:18,0.8777593374252319,0.05811905860900879
686,20:06:18,0.8601717948913574,0.051845550537109375
687,20:06:19,0.6926295161247253,0.05362749099731445
688,20:06:19,0.4872246980667114,0.06136202812194824
689,20:06:19,0.46033599972724915,0.0711209774017334
690,20:06:19,0.34796473383903503,0.08152031898498535
691,20:06:19,0.4923397898674011,0.07645273208618164
692,20:06:19,0.6995120048522949,0.07178235054016113
693,20:06:19,0.8446689248085022,0.07728290557861328
694,20:06:19,0.8218225836753845,0.10488176345825195
695,20:06:19,0.8392840623855591,0.11061644554138184
696,20:06:19,0.8648953437805176,0.07864737510681152
697,20:06:19,0.8503156304359436,0.05136537551879883
698,20:06:20,0.8857760429382324,0.052834272384643555
699,20:06:20,0.8599127531051636,0.055173397064208984
700,20:06:20,0.8859942555427551,0.05765128135681152
701,20:06:20,0.9109400510787964,0.05133318901062012
702,20:06:20,0.9153565168380737,0.0703282356262207
703,20:06:20,0.868375837802887,0.06632590293884277
704,20:06:20,0.8791623115539551,0.05275154113769531
705,20:06:20,0.8734022974967957,0.05229830741882324
706,20:06:20,0.8428700566291809,0.052503108978271484
707,20:06:20,0.8086572885513306,0.05941939353942871
708,20:06:20,0.8023695945739746,0.05429267883300781
709,20:06:20,0.8093749284744263,0.053325653076171875
710,20:06:20,0.7891200184822083,0.08044672012329102
711,20:06:20,0.8064145445823669,0.05492544174194336
712,20:06:21,0.8056859374046326,0.05600452423095703
713,20:06:21,0.7997639179229736,0.05349922180175781
714,20:06:21,0.812748908996582,0.05740785598754883
715,20:06:21,0.8109862208366394,0.05719137191772461
716,20:06:21,0.8077451586723328,0.06258630752563477
717,20:06:21,0.8156689405441284,0.06619906425476074
718,20:06:21,0.7746356129646301,0.07133173942565918
719,20:06:21,0.772095263004303,0.06996750831604004
720,20:06:21,0.7444895505905151,0.07099056243896484
721,20:06:21,0.7722729444503784,0.06112527847290039
722,20:06:21,0.7977979779243469,0.05684304237365723
723,20:06:21,0.8227137923240662,0.057596683502197266
724,20:06:21,0.815992534160614,0.06673455238342285
725,20:06:22,0.8268685340881348,0.06581640243530273
726,20:06:22,0.827475905418396,0.05670738220214844
727,20:06:22,0.8241254091262817,0.06442809104919434
728,20:06:22,0.8126623630523682,0.0524296760559082
729,20:06:22,0.8150750398635864,0.0584409236907959
730,20:06:22,0.797434389591217,0.05303812026977539
731,20:06:22,0.8126810193061829,0.053473472595214844
732,20:06:22,0.8092457056045532,0.05500364303588867
733,20:06:22,0.801160991191864,0.06280708312988281
734,20:06:22,0.8283416628837585,0.07090282440185547
735,20:06:22,0.8179552555084229,0.055281639099121094
736,20:06:22,0.8179146647453308,0.05143165588378906
737,20:06:22,0.8265760540962219,0.055741071701049805
738,20:06:22,0.8142290711402893,0.05148720741271973
739,20:06:23,0.8170098066329956,0.05931282043457031
740,20:06:23,0.8246991634368896,0.08089518547058105
741,20:06:23,0.8716030120849609,0.06716132164001465
742,20:06:23,0.7853559255599976,0.05067324638366699
743,20:06:23,0.8132694959640503,0.051836252212524414
744,20:06:23,0.7955924272537231,0.05162978172302246
745,20:06:23,0.8116902112960815,0.05420541763305664
746,20:06:23,0.7982993721961975,0.05672454833984375
747,20:06:23,0.8043705821037292,0.05552959442138672
748,20:06:23,0.7892429828643799,0.056572675704956055
749,20:06:23,0.8080025315284729,0.05298566818237305
750,20:06:23,0.812782347202301,0.0672919750213623
751,20:06:23,0.7785876989364624,0.06343269348144531
752,20:06:24,0.7781414985656738,0.052179574966430664
753,20:06:24,0.7805076837539673,0.05412697792053223
754,20:06:24,0.7685286402702332,0.055069923400878906
755,20:06:24,0.7594292163848877,0.08113837242126465
756,20:06:24,0.7717275023460388,0.06177496910095215
757,20:06:24,0.7493057250976562,0.051218509674072266
758,20:06:24,0.7615285515785217,0.05623650550842285
759,20:06:24,0.7717354893684387,0.05363655090332031
760,20:06:24,0.7775947451591492,0.0549619197845459
761,20:06:24,0.7913095355033875,0.05892300605773926
762,20:06:24,0.7788747549057007,0.05538749694824219
763,20:06:24,0.747596025466919,0.06165671348571777
764,20:06:24,0.7236722707748413,0.062122344970703125
765,20:06:24,0.7151808738708496,0.06908869743347168
766,20:06:25,0.7038077116012573,0.07991290092468262
767,20:06:25,0.7110159397125244,0.06896376609802246
768,20:06:25,0.7339994311332703,0.0811605453491211
769,20:06:25,0.7219412326812744,0.10128450393676758
770,20:06:25,0.7194656729698181,0.05531668663024902
771,20:06:25,0.7394797205924988,0.05524396896362305
772,20:06:25,0.734233558177948,0.05990099906921387
773,20:06:25,0.7687941193580627,0.06951045989990234
774,20:06:25,0.7829395532608032,0.06335926055908203
775,20:06:25,0.7858157753944397,0.05365324020385742
776,20:06:25,0.7857273817062378,0.05351424217224121
777,20:06:25,0.7995616793632507,0.06160283088684082
778,20:06:26,0.8244760036468506,0.05474519729614258
779,20:06:26,0.8193907737731934,0.06787729263305664
780,20:06:26,0.8131238222122192,0.0695798397064209
781,20:06:26,0.8153681755065918,0.0603792667388916
782,20:06:26,0.835347056388855,0.0510404109954834
783,20:06:26,0.80624920129776,0.05191659927368164
784,20:06:26,0.8244216442108154,0.08650064468383789
785,20:06:26,0.8192983865737915,0.05305790901184082
786,20:06:26,0.8075342178344727,0.05487704277038574
787,20:06:26,0.8331581950187683,0.07152724266052246
788,20:06:26,0.8402000665664673,0.07337045669555664
789,20:06:26,0.8340387344360352,0.07329034805297852
790,20:06:26,0.8468661308288574,0.06087756156921387
791,20:06:27,0.8444572687149048,0.05808591842651367
792,20:06:27,0.8486222624778748,0.061455488204956055
793,20:06:27,0.8744164705276489,0.06980419158935547
794,20:06:27,0.8689443469047546,0.0718984603881836
795,20:06:27,0.8724561333656311,0.05943107604980469
796,20:06:27,0.8598625063896179,0.0665426254272461
797,20:06:27,0.8620883226394653,0.07494616508483887
798,20:06:27,0.857159435749054,0.07211136817932129
799,20:06:27,0.8623111844062805,0.0535130500793457
800,20:06:27,0.8516018986701965,0.0573575496673584
801,20:06:27,0.8346657752990723,0.051236629486083984
802,20:06:27,0.8337012529373169,0.05147123336791992
803,20:06:27,0.8663111925125122,0.05432558059692383
804,20:06:28,0.8590982556343079,0.05281805992126465
805,20:06:28,0.8597556948661804,0.05604958534240723
806,20:06:28,0.8477593064308167,0.051935434341430664
807,20:06:28,0.8381823897361755,0.07297635078430176
808,20:06:28,0.8340222239494324,0.06915807723999023
809,20:06:28,0.8426039814949036,0.0572049617767334
810,20:06:28,0.8475621342658997,0.0532374382019043
811,20:06:28,0.8441126346588135,0.05982327461242676
812,20:06:28,0.8409460783004761,0.05286145210266113
813,20:06:28,0.8430829644203186,0.08764195442199707
814,20:06:28,0.8371574282646179,0.05416607856750488
815,20:06:28,0.8378981351852417,0.04776954650878906
816,20:06:28,0.8282217383384705,0.053148746490478516
817,20:06:28,0.8038321137428284,0.05547809600830078
818,20:06:29,0.8133196234703064,0.05378603935241699
819,20:06:29,0.8221925497055054,0.05326366424560547
820,20:06:29,0.8138278722763062,0.06972551345825195
821,20:06:29,0.8128809332847595,0.07172870635986328
822,20:06:29,0.8152932524681091,0.06374287605285645
823,20:06:29,0.7665405869483948,0.05260133743286133
824,20:06:29,0.7615641951560974,0.05237889289855957
825,20:06:29,0.7958037853240967,0.0625910758972168
826,20:06:29,0.8034952282905579,0.05611872673034668
827,20:06:29,0.8034911155700684,0.06026434898376465
828,20:06:29,0.819969654083252,0.07762408256530762
829,20:06:29,0.8227477073669434,0.0551760196685791
830,20:06:29,0.809725821018219,0.05752396583557129
831,20:06:29,0.8287413120269775,0.05390572547912598
832,20:06:30,0.8387372493743896,0.05375385284423828
833,20:06:30,0.8177016377449036,0.055101633071899414
834,20:06:30,0.8174151182174683,0.06014299392700195
835,20:06:30,0.7972775101661682,0.05391407012939453
836,20:06:30,0.7847831845283508,0.06505680084228516
837,20:06:30,0.794194757938385,0.08224344253540039
838,20:06:30,0.7952240109443665,0.07104325294494629
839,20:06:30,0.8219141364097595,0.06554245948791504
840,20:06:30,0.8208311796188354,0.08279561996459961
841,20:06:30,0.80712890625,0.0885610580444336
842,20:06:30,0.8025144934654236,0.09633612632751465
843,20:06:31,0.7963879704475403,0.05506539344787598
844,20:06:31,0.7801963686943054,0.05819821357727051
845,20:06:31,0.7779817581176758,0.06888365745544434
846,20:06:31,0.7830780744552612,0.06793618202209473
847,20:06:31,0.7827815413475037,0.07158041000366211
848,20:06:31,0.7986055016517639,0.06779336929321289
849,20:06:31,0.793460488319397,0.053525686264038086
850,20:06:31,0.8136409521102905,0.05201125144958496
851,20:06:31,0.8232643008232117,0.05405926704406738
852,20:06:31,0.8189979791641235,0.06541013717651367
853,20:06:31,0.7609164714813232,0.06454205513000488
854,20:06:31,0.792487382888794,0.05704617500305176
855,20:06:31,0.773148238658905,0.057660818099975586
856,20:06:32,0.7612504363059998,0.08264350891113281
857,20:06:32,0.7482388019561768,0.0541834831237793
858,20:06:32,0.7320549488067627,0.056694984436035156
859,20:06:32,0.7289983034133911,0.0623621940612793
860,20:06:32,0.7341026067733765,0.05206108093261719
861,20:06:32,0.7340410947799683,0.05102849006652832
862,20:06:32,0.7443716526031494,0.0699758529663086
863,20:06:32,0.7628425359725952,0.07463884353637695
864,20:06:32,0.762785792350769,0.06489109992980957
865,20:06:32,0.7748450636863708,0.06355834007263184
866,20:06:32,0.7560964822769165,0.05420494079589844
867,20:06:32,0.7597424387931824,0.0647592544555664
868,20:06:32,0.7572448253631592,0.06042122840881348
869,20:06:32,0.7648146152496338,0.05906248092651367
870,20:06:33,0.7660914063453674,0.06618833541870117
871,20:06:33,0.7602944374084473,0.07255172729492188
872,20:06:33,0.7679789066314697,0.06775999069213867
873,20:06:33,0.8140689134597778,0.06803321838378906
874,20:06:33,0.8017204403877258,0.05834698677062988
875,20:06:33,0.8037937879562378,0.0528414249420166
876,20:06:33,0.8139181137084961,0.05551266670227051
877,20:06:33,0.8029979467391968,0.054075002670288086
878,20:06:33,0.8028160929679871,0.05449652671813965
879,20:06:33,0.7814228534698486,0.05180788040161133
880,20:06:33,0.7688159942626953,0.055263519287109375
881,20:06:33,0.7496230006217957,0.053446054458618164
882,20:06:33,0.7405697703361511,0.053678035736083984
883,20:06:34,0.7804536819458008,0.05100369453430176
884,20:06:34,0.7740724086761475,0.05459904670715332
885,20:06:34,0.7868762612342834,0.055191755294799805
886,20:06:34,0.780816376209259,0.09133386611938477
887,20:06:34,0.7675378322601318,0.06725859642028809
888,20:06:34,0.7510114312171936,0.05609726905822754
889,20:06:34,0.7430228590965271,0.05289459228515625
890,20:06:34,0.7420709729194641,0.05359506607055664
891,20:06:34,0.7257586121559143,0.052239418029785156
892,20:06:34,0.7442692518234253,0.061557769775390625
893,20:06:34,0.7807238698005676,0.05084061622619629
894,20:06:34,0.762647807598114,0.05380058288574219
895,20:06:34,0.7825044989585876,0.05608177185058594
896,20:06:34,0.7823486924171448,0.055877685546875
897,20:06:35,0.7896725535392761,0.0576174259185791
898,20:06:35,0.7903935313224792,0.05943584442138672
899,20:06:35,0.7984366416931152,0.05962562561035156
900,20:06:35,0.7803376317024231,0.057436227798461914
901,20:06:35,0.7737612724304199,0.08454298973083496
902,20:06:35,0.7883937358856201,0.06081581115722656
903,20:06:35,0.7586086392402649,0.0537104606628418
904,20:06:35,0.7599799036979675,0.05677366256713867
905,20:06:35,0.7747593522071838,0.057698965072631836
906,20:06:35,0.7490341067314148,0.057782888412475586
907,20:06:35,0.7320282459259033,0.055487632751464844
908,20:06:35,0.7285061478614807,0.0557403564453125
909,20:06:35,0.7365598082542419,0.05673623085021973
910,20:06:36,0.7329256534576416,0.07998180389404297
911,20:06:36,0.7538436651229858,0.07278275489807129
912,20:06:36,0.7416574954986572,0.08085989952087402
913,20:06:36,0.808510422706604,0.07100057601928711
914,20:06:36,0.8120383620262146,0.10286545753479004
915,20:06:36,0.8121612668037415,0.0745842456817627
916,20:06:36,0.8137072920799255,0.06257104873657227
917,20:06:36,0.8113756775856018,0.05215597152709961
918,20:06:36,0.7581625580787659,0.052392005920410156
919,20:06:36,0.8010807037353516,0.052298545837402344
920,20:06:36,0.5552746653556824,0.05626988410949707
921,20:06:36,0.4142463803291321,0.05359792709350586
922,20:06:37,0.4276358187198639,0.05131411552429199
923,20:06:37,0.6768923997879028,0.053400516510009766
924,20:06:37,0.8133533000946045,0.060210466384887695
925,20:06:37,0.7598580718040466,0.05882763862609863
926,20:06:37,0.7797336578369141,0.05289053916931152
927,20:06:37,0.3430134356021881,0.054006338119506836
928,20:06:37,0.3430134356021881,0.054006338119506836
929,20:06:37,0.3430134356021881,0.054006338119506836
930,20:06:37,0.9346672892570496,0.05154561996459961
931,20:06:37,0.9346672892570496,0.05154561996459961
932,20:06:37,0.7544108033180237,0.07573151588439941
933,20:06:37,0.7544108033180237,0.07573151588439941
934,20:06:37,0.9078499674797058,0.05832171440124512
935,20:06:37,0.9008627533912659,0.0677022933959961
936,20:06:37,0.6862704157829285,0.059976816177368164
937,20:06:37,0.6862704157829285,0.059976816177368164
938,20:06:37,0.9415972232818604,0.054294586181640625
939,20:06:37,0.9818885922431946,0.06038928031921387
940,20:06:38,0.9939760565757751,0.056673526763916016
941,20:06:38,0.9402527809143066,0.0598607063293457
942,20:06:38,0.8497177362442017,0.06391286849975586
943,20:06:38,0.41836413741111755,0.06740975379943848
944,20:06:38,0.2691405713558197,0.0662693977355957
945,20:06:41,0.4486171305179596,0.04517555236816406
946,20:06:41,0.4974847137928009,0.05645012855529785
947,20:06:41,0.9624840021133423,0.05915355682373047
948,20:06:41,0.28509917855262756,0.06389665603637695
949,20:06:41,0.28509917855262756,0.06389665603637695
950,20:06:41,0.28509917855262756,0.06389665603637695
951,20:06:41,0.9963346719741821,0.06868529319763184
952,20:06:41,0.3487410247325897,0.056604862213134766
953,20:06:41,0.3487410247325897,0.056604862213134766
954,20:06:41,0.5660008788108826,0.054247140884399414
955,20:06:41,0.5660008788108826,0.054247140884399414
956,20:06:41,0.9998832941055298,0.06250905990600586
957,20:06:41,0.2715361416339874,0.07538795471191406
958,20:06:41,0.2715361416339874,0.07538795471191406
959,20:06:41,0.9994220733642578,0.061569929122924805
960,20:06:41,0.9997292160987854,0.07035994529724121
961,20:06:41,0.9991450309753418,0.08796882629394531
962,20:06:42,0.9996927976608276,0.09422516822814941
963,20:06:42,0.999416708946228,0.0675194263458252
964,20:06:42,0.9966572523117065,0.07647275924682617
965,20:06:42,0.9450143575668335,0.06200289726257324
966,20:06:42,0.6978446841239929,0.05290079116821289
967,20:06:42,0.7930452823638916,0.05343985557556152
968,20:06:42,0.9318733215332031,0.05678153038024902
969,20:06:42,0.7265267968177795,0.06495523452758789
970,20:06:42,0.5620386004447937,0.0708472728729248
971,20:06:42,0.31485044956207275,0.04400777816772461
972,20:06:42,0.49736011028289795,0.06506824493408203
973,20:06:42,0.8833520412445068,0.06917214393615723
974,20:06:43,0.8231008052825928,0.11724138259887695
975,20:06:43,0.7970675230026245,0.07797670364379883
976,20:06:43,0.7794413566589355,0.05875372886657715
977,20:06:43,0.8121770620346069,0.05632591247558594
978,20:06:43,0.8779087066650391,0.061010122299194336
979,20:06:43,0.7996513247489929,0.06574845314025879
980,20:06:43,0.845625102519989,0.0643157958984375
981,20:06:43,0.8746013045310974,0.07328438758850098
982,20:06:43,0.8974989652633667,0.07645702362060547
983,20:06:43,0.9246431589126587,0.06905651092529297
984,20:06:43,0.9694234132766724,0.062387943267822266
985,20:06:44,0.9560350179672241,0.05936002731323242
986,20:06:44,0.9724863767623901,0.059789180755615234
987,20:06:44,0.966903030872345,0.08675551414489746
988,20:06:44,0.9785481691360474,0.05515789985656738
989,20:06:44,0.9830838441848755,0.0706934928894043
990,20:06:44,0.989045262336731,0.07186245918273926
991,20:06:44,0.9893825054168701,0.07111644744873047
992,20:06:44,0.9889563918113708,0.08588957786560059
993,20:06:44,0.9875556826591492,0.06744146347045898
994,20:06:44,0.9894564747810364,0.06785035133361816
995,20:06:44,0.9897000789642334,0.10317683219909668
996,20:06:45,0.9931150078773499,0.07850527763366699
997,20:06:45,0.9925433397293091,0.07451272010803223
998,20:06:45,0.9927776455879211,0.09054017066955566
999,20:06:45,0.9917930960655212,0.09808731079101562
1000,20:06:45,0.9914899468421936,0.0749208927154541
1001,20:06:45,0.9908299446105957,0.06505870819091797
1002,20:06:45,0.9898310303688049,0.0625143051147461
1003,20:06:45,0.9896485209465027,0.06947636604309082
1004,20:06:45,0.9789182543754578,0.0723259449005127
1005,20:06:45,0.9819097518920898,0.06122708320617676
1006,20:06:45,0.9767903089523315,0.05436301231384277
1007,20:06:46,0.9553295373916626,0.053543806076049805
1008,20:06:46,0.9515984654426575,0.08649253845214844
1009,20:06:46,0.9574615359306335,0.06355047225952148
1010,20:06:46,0.9538908004760742,0.06772613525390625
1011,20:06:46,0.9611989259719849,0.06197309494018555
1012,20:06:46,0.9649936556816101,0.07858514785766602
1013,20:06:46,0.9668527841567993,0.05187654495239258
1014,20:06:46,0.9561225175857544,0.05106043815612793
1015,20:06:46,0.9617498517036438,0.057919979095458984
1016,20:06:46,0.9622889757156372,0.05589151382446289
1017,20:06:46,0.965059757232666,0.06630969047546387
1018,20:06:46,0.9653914570808411,0.06282687187194824
1019,20:06:46,0.9700965285301208,0.054730892181396484
1020,20:06:47,0.9746626019477844,0.052806854248046875
1021,20:06:47,0.9800040125846863,0.0570826530456543
1022,20:06:47,0.9789370894432068,0.07895898818969727
1023,20:06:47,0.9821992516517639,0.06540060043334961
1024,20:06:47,0.9845440983772278,0.07328200340270996
1025,20:06:47,0.9817585945129395,0.08317899703979492
1026,20:06:47,0.9800179600715637,0.11195087432861328
1027,20:06:47,0.983518123626709,0.0819861888885498
1028,20:06:47,0.9814817905426025,0.06571269035339355
1029,20:06:47,0.9809364080429077,0.07161688804626465
1030,20:06:47,0.9814744591712952,0.06258225440979004
1031,20:06:48,0.9812420606613159,0.0651242733001709
1032,20:06:48,0.9825693368911743,0.07001471519470215
1033,20:06:48,0.9811998009681702,0.06803107261657715
1034,20:06:48,0.9718823432922363,0.059844017028808594
1035,20:06:48,0.9689236879348755,0.07371330261230469
1036,20:06:48,0.9755339026451111,0.0699300765991211
1037,20:06:48,0.9774609804153442,0.04880499839782715
1038,20:06:48,0.9753689765930176,0.08125495910644531
1039,20:06:48,0.976031482219696,0.05988478660583496
1040,20:06:48,0.9743357300758362,0.05808091163635254
1041,20:06:48,0.976314127445221,0.05840587615966797
1042,20:06:48,0.9772038459777832,0.0552973747253418
1043,20:06:49,0.9778746962547302,0.08888578414916992
1044,20:06:49,0.9814074635505676,0.07807779312133789
1045,20:06:49,0.984805166721344,0.14015412330627441
1046,20:06:49,0.9819154739379883,0.07439088821411133
1047,20:06:49,0.9834859371185303,0.07114338874816895
1048,20:06:49,0.9830313920974731,0.0662832260131836
1049,20:06:49,0.9824181199073792,0.06145286560058594
1050,20:06:49,0.9780942797660828,0.07494974136352539
1051,20:06:49,0.9802321195602417,0.07345294952392578
1052,20:06:49,0.9689333438873291,0.07543087005615234
1053,20:06:49,0.870360791683197,0.058103084564208984
1054,20:06:50,0.6295220851898193,0.05452227592468262
1055,20:06:50,0.345583438873291,0.06686282157897949
1056,20:06:50,0.29609519243240356,0.07372331619262695
1057,20:06:50,0.9057185649871826,0.08775639533996582
1058,20:06:50,0.9772950410842896,0.07389068603515625
1059,20:06:50,0.9879170060157776,0.05531597137451172
1060,20:06:50,0.9968061447143555,0.06792211532592773
1061,20:06:50,0.998519241809845,0.07296180725097656
1062,20:06:50,0.971886396408081,0.06852555274963379
1063,20:06:50,0.9666447639465332,0.07912898063659668
1064,20:06:50,0.9792359471321106,0.06167793273925781
1065,20:06:51,0.9944783449172974,0.06701922416687012
1066,20:06:51,0.9868754148483276,0.06671667098999023
1067,20:06:51,0.9764295816421509,0.06503725051879883
1068,20:06:51,0.8122394680976868,0.06466293334960938
1069,20:06:51,0.7741382122039795,0.05801963806152344
1070,20:06:51,0.76714026927948,0.06187772750854492
1071,20:06:51,0.5124034881591797,0.055547475814819336
